Onset,Offset,Midi,Note
0.700003	2.90001		56.000000	53.000000